t,x,y,z,speed
0,1,1,1,66.9005
0.01,1.23412,1.01879,1.62543,66.8079
0.02,1.46824,1.03758,2.24987,66.7154
0.03,1.70236,1.05638,2.87333,66.623
0.04,1.93647,1.07517,3.4958,66.5305
0.05,2.17058,1.09396,4.11728,66.4381
0.06,2.40469,1.11275,4.73778,66.3456
0.07,2.6388,1.13154,5.35729,66.2532
0.08,2.87291,1.15033,5.97581,66.1609
0.09,3.10701,1.16912,6.59334,66.0685
0.1,3.34111,1.18792,7.20989,65.9762
0.11,3.57521,1.20671,7.82545,65.8838
0.12,3.8093,1.2255,8.44002,65.7915
0.13,4.0434,1.24429,9.0536,65.6992
0.14,4.27749,1.26308,9.6662,65.607
0.15,4.51158,1.28187,10.2778,65.5147
0.16,4.74566,1.30066,10.8884,65.4225
0.17,4.97975,1.31944,11.4981,65.3303
0.18,5.21383,1.33823,12.1067,65.2381
0.19,5.44791,1.35702,12.7144,65.1459
0.2,5.68199,1.37581,13.3211,65.0538
0.21,5.91606,1.3946,13.9267,64.9617
0.22,6.15013,1.41339,14.5314,64.8696
0.23,6.3842,1.43218,15.1352,64.7775
0.24,6.61827,1.45096,15.7379,64.6854
0.25,6.85234,1.46975,16.3396,64.5934
0.26,7.0864,1.48854,16.9404,64.5013
0.27,7.32046,1.50733,17.5401,64.4093
0.28,7.55452,1.52612,18.1389,64.3174
0.29,7.78857,1.5449,18.7367,64.2254
0.3,8.02263,1.56369,19.3335,64.1335
0.31,8.25668,1.58248,19.9293,64.0415
0.32,8.49073,1.60126,20.5242,63.9496
0.33,8.72477,1.62005,21.118,63.8578
0.34,8.95882,1.63883,21.7109,63.7659
0.35,9.19286,1.65762,22.3027,63.6741
0.36,9.4269,1.67641,22.8936,63.5823
0.37,9.66094,1.69519,23.4835,63.4905
0.38,9.89497,1.71398,24.0724,63.3987
0.39,10.129,1.73276,24.6603,63.3069
0.4,10.363,1.75155,25.2473,63.2152
0.41,10.5971,1.77033,25.8332,63.1235
0.42,10.8311,1.78912,26.4182,63.0318
0.43,11.0651,1.8079,27.0022,62.9402
0.44,11.2991,1.82669,27.5852,62.8485
0.45,11.5332,1.84547,28.1672,62.7569
0.46,11.7672,1.86425,28.7482,62.6653
0.47,12.0012,1.88304,29.3282,62.5737
0.48,12.2352,1.90182,29.9072,62.4822
0.49,12.4692,1.9206,30.4853,62.3907
0.5,12.7032,1.93939,31.0624,62.2992
0.51,12.9372,1.95817,31.6384,62.2077
0.52,13.1712,1.97695,32.2135,62.1162
0.53,13.4052,1.99574,32.7876,62.0248
0.54,13.6392,2.01452,33.3608,61.9334
0.55,13.8732,2.0333,33.9329,61.842
0.56,14.1072,2.05208,34.504,61.7506
0.57,14.3412,2.07086,35.0742,61.6593
0.58,14.5752,2.08965,35.6434,61.568
0.59,14.8092,2.10843,36.2116,61.4767
0.6,15.0431,2.12721,36.7788,61.3854
0.61,15.2771,2.14599,37.345,61.2942
0.62,15.5111,2.16477,37.9102,61.2029
0.63,15.7451,2.18355,38.4744,61.1117
0.64,15.9791,2.20233,39.0377,61.0206
0.65,16.213,2.22111,39.6,60.9294
0.66,16.447,2.23989,40.1612,60.8383
0.67,16.681,2.25867,40.7215,60.7472
0.68,16.9149,2.27745,41.2808,60.6561
0.69,17.1489,2.29623,41.8392,60.5651
0.7,17.3829,2.31501,42.3965,60.474
0.71,17.6168,2.33379,42.9528,60.383
0.72,17.8508,2.35257,43.5082,60.2921
0.73,18.0847,2.37135,44.0626,60.2011
0.74,18.3187,2.39013,44.616,60.1102
0.75,18.5526,2.40891,45.1684,60.0193
0.76,18.7866,2.42768,45.7198,59.9284
0.77,19.0205,2.44646,46.2702,59.8375
0.78,19.2545,2.46524,46.8197,59.7467
0.79,19.4884,2.48402,47.3681,59.6559
0.8,19.7223,2.5028,47.9156,59.5651
0.81,19.9563,2.52157,48.4621,59.4744
0.82,20.1902,2.54035,49.0076,59.3837
0.83,20.4241,2.55913,49.5521,59.293
0.84,20.658,2.5779,50.0956,59.2023
0.85,20.892,2.59668,50.6381,59.1117
0.86,21.1259,2.61546,51.1797,59.0211
0.87,21.3598,2.63423,51.7202,58.9305
0.88,21.5937,2.65301,52.2598,58.8399
0.89,21.8277,2.67178,52.7984,58.7494
0.9,22.0616,2.69056,53.336,58.6589
0.91,22.2955,2.70934,53.8726,58.5684
0.92,22.5294,2.72811,54.4083,58.4779
0.93,22.7633,2.74689,54.9429,58.3875
0.94,22.9972,2.76566,55.4766,58.2971
0.95,23.2311,2.78444,56.0092,58.2067
0.96,23.465,2.80321,56.5409,58.1164
0.97,23.6989,2.82198,57.0716,58.0261
0.98,23.9328,2.84076,57.6013,57.9358
0.99,24.1667,2.85953,58.1301,57.8455
1,24.4006,2.87831,58.6578,57.7553
1.01,24.6345,2.89708,59.1846,57.6651
1.02,24.8683,2.91585,59.7103,57.5749
1.03,25.1022,2.93463,60.2351,57.4848
1.04,25.3361,2.9534,60.7589,57.3946
1.05,25.57,2.97217,61.2817,57.3046
1.06,25.8039,2.99095,61.8035,57.2145
1.07,26.0377,3.00972,62.3244,57.1245
1.08,26.2716,3.02849,62.8442,57.0345
1.09,26.5055,3.04726,63.3631,56.9445
1.1,26.7393,3.06603,63.881,56.8546
1.11,26.9732,3.08481,64.3979,56.7646
1.12,27.2071,3.10358,64.9138,56.6748
1.13,27.4409,3.12235,65.4287,56.5849
1.14,27.6748,3.14112,65.9426,56.4951
1.15,27.9086,3.15989,66.4556,56.4053
1.16,28.1425,3.17866,66.9675,56.3155
1.17,28.3763,3.19743,67.4785,56.2258
1.18,28.6102,3.2162,67.9885,56.1361
1.19,28.844,3.23497,68.4975,56.0464
1.2,29.0779,3.25374,69.0055,55.9568
1.21,29.3117,3.27251,69.5125,55.8672
1.22,29.5456,3.29128,70.0186,55.7776
1.23,29.7794,3.31005,70.5236,55.6881
1.24,30.0132,3.32882,71.0277,55.5986
1.25,30.2471,3.34759,71.5308,55.5091
1.26,30.4809,3.36636,72.0329,55.4196
1.27,30.7147,3.38513,72.534,55.3302
1.28,30.9485,3.4039,73.0342,55.2408
1.29,31.1824,3.42266,73.5333,55.1515
1.3,31.4162,3.44143,74.0314,55.0622
1.31,31.65,3.4602,74.5286,54.9729
1.32,31.8838,3.47897,75.0248,54.8836
1.33,32.1176,3.49774,75.52,54.7944
1.34,32.3514,3.5165,76.0142,54.7052
1.35,32.5852,3.53527,76.5074,54.616
1.36,32.819,3.55404,76.9997,54.5269
1.37,33.0528,3.5728,77.4909,54.4378
1.38,33.2866,3.59157,77.9812,54.3488
1.39,33.5204,3.61034,78.4705,54.2598
1.4,33.7542,3.6291,78.9588,54.1708
1.41,33.988,3.64787,79.4461,54.0818
1.42,34.2218,3.66664,79.9324,53.9929
1.43,34.4556,3.6854,80.4178,53.904
1.44,34.6894,3.70417,80.9021,53.8152
1.45,34.9232,3.72293,81.3855,53.7264
1.46,35.157,3.7417,81.8679,53.6376
1.47,35.3908,3.76046,82.3493,53.5488
1.48,35.6245,3.77923,82.8297,53.4601
1.49,35.8583,3.79799,83.3091,53.3714
1.5,36.0921,3.81676,83.7875,53.2828
1.51,36.3259,3.83552,84.265,53.1942
1.52,36.5596,3.85428,84.7415,53.1056
1.53,36.7934,3.87305,85.2169,53.0171
1.54,37.0271,3.89181,85.6914,52.9286
1.55,37.2609,3.91057,86.165,52.8402
1.56,37.4947,3.92934,86.6375,52.7517
1.57,37.7284,3.9481,87.109,52.6634
1.58,37.9622,3.96686,87.5796,52.575
1.59,38.1959,3.98563,88.0491,52.4867
1.6,38.4297,4.00439,88.5177,52.3984
1.61,38.6634,4.02315,88.9853,52.3102
1.62,38.8972,4.04191,89.4519,52.222
1.63,39.1309,4.06068,89.9175,52.1339
1.64,39.3647,4.07944,90.3822,52.0457
1.65,39.5984,4.0982,90.8458,51.9577
1.66,39.8321,4.11696,91.3085,51.8696
1.67,40.0659,4.13572,91.7702,51.7816
1.68,40.2996,4.15448,92.2309,51.6936
1.69,40.5333,4.17324,92.6906,51.6057
1.7,40.767,4.192,93.1493,51.5178
1.71,41.0008,4.21076,93.6071,51.43
1.72,41.2345,4.22952,94.0638,51.3422
1.73,41.4682,4.24828,94.5196,51.2544
1.74,41.7019,4.26704,94.9744,51.1667
1.75,41.9356,4.2858,95.4282,51.079
1.76,42.1694,4.30456,95.881,50.9914
1.77,42.4031,4.32332,96.3328,50.9038
1.78,42.6368,4.34208,96.7836,50.8162
1.79,42.8705,4.36084,97.2335,50.7287
1.8,43.1042,4.3796,97.6824,50.6412
1.81,43.3379,4.39836,98.1303,50.5537
1.82,43.5716,4.41712,98.5772,50.4664
1.83,43.8053,4.43587,99.0231,50.379
1.84,44.039,4.45463,99.468,50.2917
1.85,44.2727,4.47339,99.9119,50.2044
1.86,44.5063,4.49215,100.355,50.1172
1.87,44.74,4.51091,100.797,50.03
1.88,44.9737,4.52966,101.238,49.9429
1.89,45.2074,4.54842,101.678,49.8558
1.9,45.4411,4.56718,102.117,49.7687
1.91,45.6748,4.58593,102.555,49.6817
1.92,45.9084,4.60469,102.992,49.5947
1.93,46.1421,4.62345,103.428,49.5078
1.94,46.3758,4.6422,103.863,49.4209
1.95,46.6094,4.66096,104.297,49.3341
1.96,46.8431,4.67971,104.73,49.2473
1.97,47.0768,4.69847,105.162,49.1606
1.98,47.3104,4.71723,105.594,49.0739
1.99,47.5441,4.73598,106.024,48.9872
2,47.7777,4.75474,106.453,48.9006
2.01,48.0114,4.77349,106.881,48.814
2.02,48.2451,4.79224,107.308,48.7275
2.03,48.4787,4.811,107.734,48.6411
2.04,48.7123,4.82975,108.16,48.5546
2.05,48.946,4.84851,108.584,48.4683
2.06,49.1796,4.86726,109.007,48.3819
2.07,49.4133,4.88602,109.429,48.2957
2.08,49.6469,4.90477,109.851,48.2094
2.09,49.8805,4.92352,110.271,48.1232
2.1,50.1142,4.94228,110.69,48.0371
2.11,50.3478,4.96103,111.109,47.951
2.12,50.5814,4.97978,111.526,47.865
2.13,50.8151,4.99853,111.942,47.779
2.14,51.0487,5.01729,112.358,47.693
2.15,51.2823,5.03604,112.772,47.6072
2.16,51.5159,5.05479,113.185,47.5213
2.17,51.7495,5.07354,113.598,47.4355
2.18,51.9832,5.09229,114.009,47.3498
2.19,52.2168,5.11104,114.42,47.2641
2.2,52.4504,5.1298,114.829,47.1785
2.21,52.684,5.14855,115.238,47.0929
2.22,52.9176,5.1673,115.645,47.0073
2.23,53.1512,5.18605,116.052,46.9219
2.24,53.3848,5.2048,116.457,46.8364
2.25,53.6184,5.22355,116.862,46.751
2.26,53.852,5.2423,117.265,46.6657
2.27,54.0856,5.26105,117.668,46.5804
2.28,54.3192,5.2798,118.069,46.4952
2.29,54.5528,5.29855,118.47,46.4101
2.3,54.7863,5.3173,118.87,46.3249
2.31,55.0199,5.33605,119.268,46.2399
2.32,55.2535,5.3548,119.666,46.1549
2.33,55.4871,5.37355,120.062,46.0699
2.34,55.7207,5.39229,120.458,45.985
2.35,55.9542,5.41104,120.853,45.9002
2.36,56.1878,5.42979,121.247,45.8154
2.37,56.4214,5.44854,121.639,45.7307
2.38,56.6549,5.46729,122.031,45.646
2.39,56.8885,5.48603,122.422,45.5614
2.4,57.1221,5.50478,122.811,45.4768
2.41,57.3556,5.52353,123.2,45.3923
2.42,57.5892,5.54228,123.588,45.3079
2.43,57.8227,5.56102,123.975,45.2235
2.44,58.0563,5.57977,124.361,45.1392
2.45,58.2899,5.59852,124.745,45.0549
2.46,58.5234,5.61726,125.129,44.9707
2.47,58.7569,5.63601,125.512,44.8865
2.48,58.9905,5.65476,125.894,44.8024
2.49,59.224,5.6735,126.275,44.7184
2.5,59.4576,5.69225,126.655,44.6344
2.51,59.6911,5.71099,127.034,44.5505
2.52,59.9246,5.72974,127.412,44.4666
2.53,60.1582,5.74848,127.789,44.3829
2.54,60.3917,5.76723,128.165,44.2991
2.55,60.6252,5.78597,128.54,44.2155
2.56,60.8588,5.80472,128.914,44.1318
2.57,61.0923,5.82346,129.287,44.0483
2.58,61.3258,5.8422,129.659,43.9648
2.59,61.5593,5.86095,130.03,43.8814
2.6,61.7928,5.87969,130.4,43.798
2.61,62.0264,5.89844,130.769,43.7147
2.62,62.2599,5.91718,131.137,43.6315
2.63,62.4934,5.93592,131.504,43.5483
2.64,62.7269,5.95467,131.87,43.4652
2.65,62.9604,5.97341,132.235,43.3822
2.66,63.1939,5.99215,132.6,43.2992
2.67,63.4274,6.01089,132.963,43.2163
2.68,63.6609,6.02964,133.325,43.1335
2.69,63.8944,6.04838,133.686,43.0507
2.7,64.1279,6.06712,134.046,42.968
2.71,64.3614,6.08586,134.406,42.8854
2.72,64.5948,6.1046,134.764,42.8028
2.73,64.8283,6.12334,135.121,42.7203
2.74,65.0618,6.14209,135.477,42.6379
2.75,65.2953,6.16083,135.833,42.5555
2.76,65.5288,6.17957,136.187,42.4732
2.77,65.7623,6.19831,136.54,42.391
2.78,65.9957,6.21705,136.893,42.3088
2.79,66.2292,6.23579,137.244,42.2268
2.8,66.4627,6.25453,137.594,42.1447
2.81,66.6961,6.27327,137.944,42.0628
2.82,66.9296,6.29201,138.292,41.9809
2.83,67.1631,6.31075,138.639,41.8991
2.84,67.3965,6.32949,138.986,41.8174
2.85,67.63,6.34823,139.331,41.7358
2.86,67.8634,6.36696,139.676,41.6542
2.87,68.0969,6.3857,140.019,41.5727
2.88,68.3303,6.40444,140.362,41.4913
2.89,68.5638,6.42318,140.703,41.4099
2.9,68.7972,6.44192,141.044,41.3286
2.91,69.0307,6.46066,141.383,41.2474
2.92,69.2641,6.47939,141.722,41.1663
2.93,69.4976,6.49813,142.059,41.0852
2.94,69.731,6.51687,142.396,41.0043
2.95,69.9644,6.53561,142.732,40.9234
2.96,70.1979,6.55434,143.066,40.8425
2.97,70.4313,6.57308,143.4,40.7618
2.98,70.6647,6.59182,143.733,40.6811
2.99,70.8981,6.61055,144.064,40.6005
3,71.1316,6.62929,144.395,40.52
3.01,71.365,6.64803,144.725,40.4396
3.02,71.5984,6.66676,145.053,40.3593
3.03,71.8318,6.6855,145.381,40.279
3.04,72.0652,6.70423,145.708,40.1988
3.05,72.2986,6.72297,146.034,40.1187
3.06,72.532,6.7417,146.358,40.0387
3.07,72.7655,6.76044,146.682,39.9588
3.08,72.9989,6.77917,147.005,39.8789
3.09,73.2323,6.79791,147.327,39.7992
3.1,73.4657,6.81664,147.648,39.7195
3.11,73.6991,6.83538,147.967,39.6399
3.12,73.9324,6.85411,148.286,39.5604
3.13,74.1658,6.87284,148.604,39.481
3.14,74.3992,6.89158,148.921,39.4016
3.15,74.6326,6.91031,149.237,39.3224
3.16,74.866,6.92904,149.552,39.2432
3.17,75.0994,6.94778,149.866,39.1641
3.18,75.3328,6.96651,150.179,39.0851
3.19,75.5661,6.98524,150.491,39.0062
3.2,75.7995,7.00397,150.802,38.9274
3.21,76.0329,7.02271,151.112,38.8487
3.22,76.2663,7.04144,151.421,38.7701
3.23,76.4996,7.06017,151.729,38.6915
3.24,76.733,7.0789,152.036,38.6131
3.25,76.9664,7.09763,152.342,38.5348
3.26,77.1997,7.11637,152.647,38.4565
3.27,77.4331,7.1351,152.951,38.3783
3.28,77.6664,7.15383,153.254,38.3003
3.29,77.8998,7.17256,153.557,38.2223
3.3,78.1332,7.19129,153.858,38.1444
3.31,78.3665,7.21002,154.158,38.0666
3.32,78.5998,7.22875,154.457,37.9889
3.33,78.8332,7.24748,154.755,37.9113
3.34,79.0665,7.26621,155.053,37.8338
3.35,79.2999,7.28494,155.349,37.7564
3.36,79.5332,7.30367,155.644,37.6791
3.37,79.7666,7.3224,155.938,37.6019
3.38,79.9999,7.34113,156.232,37.5248
3.39,80.2332,7.35986,156.524,37.4478
3.4,80.4665,7.37859,156.815,37.371
3.41,80.6999,7.39731,157.105,37.2942
3.42,80.9332,7.41604,157.395,37.2175
3.43,81.1665,7.43477,157.683,37.1409
3.44,81.3998,7.4535,157.971,37.0644
3.45,81.6332,7.47223,158.257,36.988
3.46,81.8665,7.49095,158.542,36.9117
3.47,82.0998,7.50968,158.827,36.8356
3.48,82.3331,7.52841,159.11,36.7595
3.49,82.5664,7.54714,159.393,36.6835
3.5,82.7997,7.56586,159.674,36.6077
3.51,83.033,7.58459,159.955,36.5319
3.52,83.2663,7.60332,160.234,36.4563
3.53,83.4996,7.62204,160.513,36.3808
3.54,83.7329,7.64077,160.79,36.3054
3.55,83.9662,7.65949,161.067,36.2301
3.56,84.1995,7.67822,161.342,36.1549
3.57,84.4328,7.69695,161.617,36.0798
3.58,84.6661,7.71567,161.891,36.0048
3.59,84.8994,7.7344,162.163,35.93
3.6,85.1326,7.75312,162.435,35.8553
3.61,85.3659,7.77185,162.706,35.7806
3.62,85.5992,7.79057,162.975,35.7061
3.63,85.8325,7.8093,163.244,35.6317
3.64,86.0657,7.82802,163.512,35.5575
3.65,86.299,7.84674,163.778,35.4833
3.66,86.5323,7.86547,164.044,35.4093
3.67,86.7656,7.88419,164.309,35.3354
3.68,86.9988,7.90292,164.573,35.2616
3.69,87.2321,7.92164,164.835,35.1879
3.7,87.4653,7.94036,165.097,35.1143
3.71,87.6986,7.95908,165.358,35.0409
3.72,87.9319,7.97781,165.618,34.9676
3.73,88.1651,7.99653,165.877,34.8944
3.74,88.3984,8.01525,166.135,34.8214
3.75,88.6316,8.03397,166.391,34.7484
3.76,88.8648,8.0527,166.647,34.6756
3.77,89.0981,8.07142,166.902,34.6029
3.78,89.3313,8.09014,167.156,34.5304
3.79,89.5646,8.10886,167.409,34.458
3.8,89.7978,8.12758,167.661,34.3857
3.81,90.031,8.1463,167.912,34.3135
3.82,90.2643,8.16502,168.162,34.2415
3.83,90.4975,8.18375,168.411,34.1696
3.84,90.7307,8.20247,168.659,34.0978
3.85,90.9639,8.22119,168.906,34.0262
3.86,91.1972,8.23991,169.152,33.9547
3.87,91.4304,8.25863,169.397,33.8833
3.88,91.6636,8.27735,169.641,33.8121
3.89,91.8968,8.29607,169.885,33.741
3.9,92.13,8.31479,170.127,33.67
3.91,92.3632,8.3335,170.368,33.5992
3.92,92.5965,8.35222,170.608,33.5285
3.93,92.8297,8.37094,170.847,33.458
3.94,93.0629,8.38966,171.085,33.3876
3.95,93.2961,8.40838,171.323,33.3174
3.96,93.5293,8.4271,171.559,33.2472
3.97,93.7625,8.44582,171.794,33.1773
3.98,93.9957,8.46453,172.028,33.1075
3.99,94.2288,8.48325,172.262,33.0378
4,94.462,8.50197,172.494,32.9683
4.01,94.6952,8.52069,172.725,32.8989
4.02,94.9284,8.5394,172.956,32.8297
4.03,95.1616,8.55812,173.185,32.7606
4.04,95.3948,8.57684,173.413,32.6916
4.05,95.6279,8.59555,173.641,32.6229
4.06,95.8611,8.61427,173.867,32.5542
4.07,96.0943,8.63299,174.093,32.4858
4.08,96.3275,8.6517,174.317,32.4174
4.09,96.5606,8.67042,174.54,32.3493
4.1,96.7938,8.68913,174.763,32.2813
4.11,97.027,8.70785,174.984,32.2134
4.12,97.2601,8.72656,175.205,32.1457
4.13,97.4933,8.74528,175.424,32.0782
4.14,97.7264,8.76399,175.643,32.0108
4.15,97.9596,8.78271,175.86,31.9436
4.16,98.1927,8.80142,176.077,31.8766
4.17,98.4259,8.82014,176.293,31.8097
4.18,98.659,8.83885,176.507,31.743
4.19,98.8922,8.85757,176.721,31.6764
4.2,99.1253,8.87628,176.933,31.61
4.21,99.3585,8.89499,177.145,31.5438
4.22,99.5916,8.91371,177.356,31.4777
4.23,99.8247,8.93242,177.565,31.4119
4.24,100.058,8.95113,177.774,31.3461
4.25,100.291,8.96985,177.982,31.2806
4.26,100.524,8.98856,178.189,31.2152
4.27,100.757,9.00727,178.394,31.15
4.28,100.99,9.02598,178.599,31.085
4.29,101.224,9.0447,178.803,31.0202
4.3,101.457,9.06341,179.006,30.9555
4.31,101.69,9.08212,179.208,30.891
4.32,101.923,9.10083,179.408,30.8267
4.33,102.156,9.11954,179.608,30.7626
4.34,102.389,9.13825,179.807,30.6986
4.35,102.622,9.15696,180.005,30.6348
4.36,102.855,9.17568,180.202,30.5713
4.37,103.088,9.19439,180.398,30.5079
4.38,103.321,9.2131,180.593,30.4446
4.39,103.555,9.23181,180.787,30.3816
4.4,103.788,9.25052,180.98,30.3188
4.41,104.021,9.26923,181.172,30.2561
4.42,104.254,9.28794,181.363,30.1937
4.43,104.487,9.30665,181.553,30.1314
4.44,104.72,9.32536,181.742,30.0693
4.45,104.953,9.34406,181.93,30.0075
4.46,105.186,9.36277,182.117,29.9458
4.47,105.419,9.38148,182.303,29.8843
4.48,105.652,9.40019,182.488,29.823
4.49,105.885,9.4189,182.672,29.7619
4.5,106.119,9.43761,182.855,29.701
4.51,106.352,9.45632,183.038,29.6403
4.52,106.585,9.47502,183.219,29.5799
4.53,106.818,9.49373,183.399,29.5196
4.54,107.051,9.51244,183.578,29.4595
4.55,107.284,9.53115,183.756,29.3996
4.56,107.517,9.54985,183.934,29.34
4.57,107.75,9.56856,184.11,29.2805
4.58,107.983,9.58727,184.285,29.2213
4.59,108.216,9.60597,184.459,29.1622
4.6,108.449,9.62468,184.633,29.1034
4.61,108.682,9.64338,184.805,29.0448
4.62,108.915,9.66209,184.977,28.9864
4.63,109.148,9.6808,185.147,28.9283
4.64,109.381,9.6995,185.316,28.8703
4.65,109.614,9.71821,185.485,28.8126
4.66,109.847,9.73691,185.652,28.755
4.67,110.08,9.75562,185.819,28.6978
4.68,110.313,9.77432,185.984,28.6407
4.69,110.546,9.79303,186.148,28.5838
4.7,110.779,9.81173,186.312,28.5272
4.71,111.013,9.83044,186.474,28.4708
4.72,111.246,9.84914,186.636,28.4147
4.73,111.479,9.86784,186.797,28.3587
4.74,111.712,9.88655,186.956,28.303
4.75,111.945,9.90525,187.115,28.2475
4.76,112.178,9.92395,187.272,28.1923
4.77,112.411,9.94266,187.429,28.1373
4.78,112.644,9.96136,187.584,28.0825
4.79,112.877,9.98006,187.739,28.028
4.8,113.11,9.99877,187.893,27.9737
4.81,113.343,10.0175,188.045,27.9197
4.82,113.576,10.0362,188.197,27.8659
4.83,113.809,10.0549,188.348,27.8123
4.84,114.042,10.0736,188.498,27.759
4.85,114.275,10.0923,188.646,27.7059
4.86,114.508,10.111,188.794,27.6531
4.87,114.741,10.1297,188.941,27.6005
4.88,114.974,10.1484,189.087,27.5482
4.89,115.207,10.1671,189.232,27.4961
4.9,115.44,10.1858,189.375,27.4443
4.91,115.672,10.2045,189.518,27.3928
4.92,115.905,10.2232,189.66,27.3414
4.93,116.138,10.2419,189.801,27.2904
4.94,116.371,10.2606,189.941,27.2396
4.95,116.604,10.2793,190.08,27.1891
4.96,116.837,10.298,190.218,27.1388
4.97,117.07,10.3167,190.355,27.0888
4.98,117.303,10.3354,190.491,27.0391
4.99,117.536,10.3541,190.626,26.9896
5,117.769,10.3728,190.76,26.9404
5.01,118.002,10.3915,190.893,26.8915
5.02,118.235,10.4102,191.025,26.8428
5.03,118.468,10.4289,191.156,26.7944
5.04,118.701,10.4476,191.286,26.7463
5.05,118.934,10.4663,191.415,26.6984
5.06,119.167,10.485,191.543,26.6509
5.07,119.4,10.5037,191.67,26.6036
5.08,119.633,10.5224,191.797,26.5566
5.09,119.866,10.5411,191.922,26.5098
5.1,120.099,10.5598,192.046,26.4634
5.11,120.332,10.5785,192.169,26.4172
5.12,120.564,10.5971,192.291,26.3714
5.13,120.797,10.6158,192.413,26.3258
5.14,121.03,10.6345,192.533,26.2805
5.15,121.263,10.6532,192.652,26.2355
5.16,121.496,10.6719,192.77,26.1908
5.17,121.729,10.6906,192.888,26.1463
5.18,121.962,10.7093,193.004,26.1022
5.19,122.195,10.728,193.119,26.0584
5.2,122.428,10.7467,193.234,26.0148
5.21,122.661,10.7654,193.347,25.9716
5.22,122.894,10.7841,193.46,25.9286
5.23,123.127,10.8028,193.571,25.886
5.24,123.359,10.8215,193.681,25.8437
5.25,123.592,10.8402,193.791,25.8016
5.26,123.825,10.8589,193.899,25.7599
5.27,124.058,10.8776,194.007,25.7185
5.28,124.291,10.8963,194.113,25.6774
5.29,124.524,10.915,194.219,25.6366
5.3,124.757,10.9337,194.324,25.5961
5.31,124.99,10.9523,194.427,25.556
5.32,125.223,10.971,194.53,25.5161
5.33,125.455,10.9897,194.631,25.4766
5.34,125.688,11.0084,194.732,25.4373
5.35,125.921,11.0271,194.832,25.3984
5.36,126.154,11.0458,194.93,25.3599
5.37,126.387,11.0645,195.028,25.3216
5.38,126.62,11.0832,195.125,25.2837
5.39,126.853,11.1019,195.22,25.2461
5.4,127.086,11.1206,195.315,25.2088
5.41,127.318,11.1393,195.409,25.1718
5.42,127.551,11.158,195.502,25.1352
5.43,127.784,11.1766,195.593,25.0989
5.44,128.017,11.1953,195.684,25.063
5.45,128.25,11.214,195.774,25.0273
5.46,128.483,11.2327,195.863,24.992
5.47,128.715,11.2514,195.951,24.9571
5.48,128.948,11.2701,196.037,24.9225
5.49,129.181,11.2888,196.123,24.8882
5.5,129.414,11.3075,196.208,24.8543
5.51,129.647,11.3262,196.292,24.8207
5.52,129.88,11.3449,196.375,24.7874
5.53,130.113,11.3635,196.457,24.7545
5.54,130.345,11.3822,196.538,24.722
5.55,130.578,11.4009,196.618,24.6898
5.56,130.811,11.4196,196.697,24.6579
5.57,131.044,11.4383,196.775,24.6264
5.58,131.277,11.457,196.852,24.5952
5.59,131.509,11.4757,196.928,24.5644
5.6,131.742,11.4944,197.003,24.534
5.61,131.975,11.5131,197.078,24.5039
5.62,132.208,11.5317,197.151,24.4742
5.63,132.441,11.5504,197.223,24.4448
5.64,132.674,11.5691,197.294,24.4158
5.65,132.906,11.5878,197.364,24.3871
5.66,133.139,11.6065,197.433,24.3588
5.67,133.372,11.6252,197.502,24.3309
5.68,133.605,11.6439,197.569,24.3033
5.69,133.838,11.6625,197.635,24.2761
5.7,134.07,11.6812,197.7,24.2493
5.71,134.303,11.6999,197.765,24.2228
5.72,134.536,11.7186,197.828,24.1967
5.73,134.769,11.7373,197.89,24.171
5.74,135.001,11.756,197.952,24.1456
5.75,135.234,11.7747,198.012,24.1207
5.76,135.467,11.7933,198.071,24.0961
5.77,135.7,11.812,198.13,24.0718
5.78,135.933,11.8307,198.187,24.048
5.79,136.165,11.8494,198.244,24.0245
5.8,136.398,11.8681,198.299,24.0014
5.81,136.631,11.8868,198.354,23.9787
5.82,136.864,11.9054,198.407,23.9563
5.83,137.096,11.9241,198.46,23.9344
5.84,137.329,11.9428,198.511,23.9128
5.85,137.562,11.9615,198.562,23.8916
5.86,137.795,11.9802,198.611,23.8708
5.87,138.027,11.9989,198.66,23.8504
5.88,138.26,12.0175,198.707,23.8304
5.89,138.493,12.0362,198.754,23.8107
5.9,138.726,12.0549,198.8,23.7915
5.91,138.958,12.0736,198.844,23.7726
5.92,139.191,12.0923,198.888,23.7541
5.93,139.424,12.111,198.931,23.7361
5.94,139.657,12.1296,198.972,23.7184
5.95,139.889,12.1483,199.013,23.7011
5.96,140.122,12.167,199.053,23.6842
5.97,140.355,12.1857,199.092,23.6677
5.98,140.588,12.2044,199.13,23.6516
5.99,140.82,12.223,199.166,23.6358
6,141.053,12.2417,199.202,23.6205
6.01,141.286,12.2604,199.237,23.6056
6.02,141.518,12.2791,199.271,23.5911
6.03,141.751,12.2978,199.304,23.577
6.04,141.984,12.3164,199.336,23.5632
6.05,142.217,12.3351,199.367,23.5499
6.06,142.449,12.3538,199.397,23.537
6.07,142.682,12.3725,199.426,23.5245
6.08,142.915,12.3911,199.454,23.5124
6.09,143.147,12.4098,199.48,23.5007
6.1,143.38,12.4285,199.507,23.4894
6.11,143.613,12.4472,199.532,23.4785
6.12,143.846,12.4659,199.556,23.468
6.13,144.078,12.4845,199.579,23.4579
6.14,144.311,12.5032,199.601,23.4482
6.15,144.544,12.5219,199.622,23.4389
6.16,144.776,12.5406,199.642,23.4301
6.17,145.009,12.5592,199.661,23.4216
6.18,145.242,12.5779,199.679,23.4136
6.19,145.474,12.5966,199.697,23.4059
6.2,145.707,12.6153,199.713,23.3987
6.21,145.94,12.634,199.728,23.3919
6.22,146.172,12.6526,199.742,23.3855
6.23,146.405,12.6713,199.755,23.3795
6.24,146.638,12.69,199.768,23.3739
6.25,146.87,12.7087,199.779,23.3687
6.26,147.103,12.7273,199.789,23.3639
6.27,147.336,12.746,199.799,23.3595
6.28,147.568,12.7647,199.807,23.3556
6.29,147.801,12.7834,199.814,23.3521
6.3,148.034,12.802,199.821,23.3489
6.31,148.266,12.8207,199.826,23.3462
6.32,148.499,12.8394,199.831,23.3439
6.33,148.732,12.8581,199.834,23.342
6.34,148.964,12.8767,199.837,23.3406
6.35,149.197,12.8954,199.838,23.3395
6.36,149.43,12.9141,199.839,23.3388
6.37,149.662,12.9327,199.838,23.3386
6.38,149.895,12.9514,199.837,23.3388
6.39,150.127,12.9701,199.834,23.3393
6.4,150.36,12.9888,199.831,23.3403
6.41,150.593,13.0074,199.826,23.3418
6.42,150.825,13.0261,199.821,23.3436
6.43,151.058,13.0448,199.815,23.3458
6.44,151.291,13.0635,199.807,23.3485
6.45,151.523,13.0821,199.799,23.3515
6.46,151.756,13.1008,199.79,23.355
6.47,151.988,13.1195,199.779,23.3589
6.48,152.221,13.1381,199.768,23.3631
6.49,152.454,13.1568,199.756,23.3678
6.5,152.686,13.1755,199.743,23.373
6.51,152.919,13.1942,199.728,23.3785
6.52,153.151,13.2128,199.713,23.3844
6.53,153.384,13.2315,199.697,23.3908
6.54,153.617,13.2502,199.68,23.3975
6.55,153.849,13.2688,199.662,23.4047
6.56,154.082,13.2875,199.643,23.4122
6.57,154.314,13.3062,199.623,23.4202
6.58,154.547,13.3248,199.602,23.4286
6.59,154.78,13.3435,199.58,23.4374
6.6,155.012,13.3622,199.556,23.4466
6.61,155.245,13.3809,199.532,23.4562
6.62,155.477,13.3995,199.507,23.4662
6.63,155.71,13.4182,199.481,23.4766
6.64,155.942,13.4369,199.455,23.4875
6.65,156.175,13.4555,199.427,23.4987
6.66,156.408,13.4742,199.398,23.5103
6.67,156.64,13.4929,199.368,23.5223
6.68,156.873,13.5115,199.337,23.5348
6.69,157.105,13.5302,199.305,23.5476
6.7,157.338,13.5489,199.272,23.5608
6.71,157.57,13.5675,199.238,23.5745
6.72,157.803,13.5862,199.204,23.5885
6.73,158.036,13.6049,199.168,23.603
6.74,158.268,13.6235,199.131,23.6178
6.75,158.501,13.6422,199.093,23.633
6.76,158.733,13.6609,199.055,23.6487
6.77,158.966,13.6795,199.015,23.6647
6.78,159.198,13.6982,198.974,23.6811
6.79,159.431,13.7169,198.933,23.6979
6.8,159.663,13.7355,198.89,23.7151
6.81,159.896,13.7542,198.846,23.7327
6.82,160.128,13.7729,198.802,23.7507
6.83,160.361,13.7915,198.756,23.7691
6.84,160.593,13.8102,198.709,23.7879
6.85,160.826,13.8288,198.662,23.807
6.86,161.059,13.8475,198.613,23.8266
6.87,161.291,13.8662,198.564,23.8465
6.88,161.524,13.8848,198.513,23.8668
6.89,161.756,13.9035,198.462,23.8876
6.9,161.989,13.9222,198.409,23.9086
6.91,162.221,13.9408,198.356,23.9301
6.92,162.454,13.9595,198.302,23.952
6.93,162.686,13.9782,198.246,23.9742
6.94,162.919,13.9968,198.19,23.9968
6.95,163.151,14.0155,198.132,24.0198
6.96,163.384,14.0341,198.074,24.0432
6.97,163.616,14.0528,198.015,24.0669
6.98,163.849,14.0715,197.955,24.0911
6.99,164.081,14.0901,197.893,24.1156
7,164.314,14.1088,197.831,24.1404
7.01,164.546,14.1274,197.768,24.1657
7.02,164.779,14.1461,197.704,24.1913
7.03,165.011,14.1648,197.638,24.2173
7.04,165.244,14.1834,197.572,24.2436
7.05,165.476,14.2021,197.505,24.2704
7.06,165.709,14.2208,197.437,24.2974
7.07,165.941,14.2394,197.368,24.3249
7.08,166.173,14.2581,197.298,24.3527
7.09,166.406,14.2767,197.227,24.3809
7.1,166.638,14.2954,197.155,24.4094
7.11,166.871,14.314,197.081,24.4383
7.12,167.103,14.3327,197.007,24.4676
7.13,167.336,14.3514,196.932,24.4972
7.14,167.568,14.37,196.856,24.5271
7.15,167.801,14.3887,196.78,24.5575
7.16,168.033,14.4073,196.702,24.5881
7.17,168.266,14.426,196.623,24.6192
7.18,168.498,14.4447,196.543,24.6505
7.19,168.731,14.4633,196.462,24.6823
7.2,168.963,14.482,196.38,24.7143
7.21,169.195,14.5006,196.297,24.7468
7.22,169.428,14.5193,196.213,24.7795
7.23,169.66,14.5379,196.129,24.8126
7.24,169.893,14.5566,196.043,24.8461
7.25,170.125,14.5753,195.956,24.8799
7.26,170.358,14.5939,195.868,24.914
7.27,170.59,14.6126,195.78,24.9485
7.28,170.822,14.6312,195.69,24.9833
7.29,171.055,14.6499,195.599,25.0184
7.3,171.287,14.6685,195.507,25.0539
7.31,171.52,14.6872,195.415,25.0897
7.32,171.752,14.7059,195.321,25.1259
7.33,171.985,14.7245,195.227,25.1623
7.34,172.217,14.7432,195.131,25.1991
7.35,172.449,14.7618,195.034,25.2362
7.36,172.682,14.7805,194.937,25.2737
7.37,172.914,14.7991,194.838,25.3115
7.38,173.147,14.8178,194.739,25.3495
7.39,173.379,14.8364,194.638,25.388
7.4,173.611,14.8551,194.537,25.4267
7.41,173.844,14.8737,194.434,25.4657
7.42,174.076,14.8924,194.331,25.5051
7.43,174.309,14.9111,194.227,25.5448
7.44,174.541,14.9297,194.121,25.5848
7.45,174.773,14.9484,194.015,25.6251
7.46,175.006,14.967,193.908,25.6657
7.47,175.238,14.9857,193.799,25.7066
7.48,175.47,15.0043,193.69,25.7479
7.49,175.703,15.023,193.58,25.7894
7.5,175.935,15.0416,193.468,25.8313
7.51,176.168,15.0603,193.356,25.8734
7.52,176.4,15.0789,193.243,25.9159
7.53,176.632,15.0976,193.129,25.9586
7.54,176.865,15.1162,193.014,26.0017
7.55,177.097,15.1349,192.897,26.045
7.56,177.329,15.1535,192.78,26.0886
7.57,177.562,15.1722,192.662,26.1326
7.58,177.794,15.1908,192.543,26.1768
7.59,178.026,15.2095,192.423,26.2213
7.6,178.259,15.2281,192.302,26.2661
7.61,178.491,15.2468,192.18,26.3112
7.62,178.724,15.2654,192.057,26.3566
7.63,178.956,15.2841,191.933,26.4023
7.64,179.188,15.3027,191.808,26.4482
7.65,179.421,15.3214,191.682,26.4945
7.66,179.653,15.34,191.555,26.541
7.67,179.885,15.3587,191.427,26.5878
7.68,180.118,15.3773,191.298,26.6348
7.69,180.35,15.396,191.168,26.6822
7.7,180.582,15.4146,191.037,26.7298
7.71,180.815,15.4333,190.906,26.7777
7.72,181.047,15.4519,190.773,26.8259
7.73,181.279,15.4706,190.639,26.8743
7.74,181.511,15.4892,190.504,26.923
7.75,181.744,15.5079,190.368,26.972
7.76,181.976,15.5265,190.232,27.0212
7.77,182.208,15.5452,190.094,27.0707
7.78,182.441,15.5638,189.955,27.1205
7.79,182.673,15.5825,189.816,27.1705
7.8,182.905,15.6011,189.675,27.2208
7.81,183.138,15.6197,189.533,27.2714
7.82,183.37,15.6384,189.391,27.3222
7.83,183.602,15.657,189.247,27.3732
7.84,183.835,15.6757,189.102,27.4246
7.85,184.067,15.6943,188.957,27.4761
7.86,184.299,15.713,188.81,27.5279
7.87,184.531,15.7316,188.663,27.58
7.88,184.764,15.7503,188.514,27.6323
7.89,184.996,15.7689,188.365,27.6849
7.9,185.228,15.7876,188.214,27.7377
7.91,185.461,15.8062,188.063,27.7908
7.92,185.693,15.8248,187.911,27.8441
7.93,185.925,15.8435,187.757,27.8976
7.94,186.157,15.8621,187.603,27.9514
7.95,186.39,15.8808,187.447,28.0054
7.96,186.622,15.8994,187.291,28.0596
7.97,186.854,15.9181,187.134,28.1141
7.98,187.086,15.9367,186.976,28.1689
7.99,187.319,15.9553,186.816,28.2238
8,187.551,15.974,186.656,28.279
8.01,187.783,15.9926,186.495,28.3344
8.02,188.015,16.0113,186.333,28.3901
8.03,188.248,16.0299,186.169,28.446
8.04,188.48,16.0486,186.005,28.5021
8.05,188.712,16.0672,185.84,28.5584
8.06,188.944,16.0858,185.674,28.615
8.07,189.177,16.1045,185.507,28.6717
8.08,189.409,16.1231,185.339,28.7287
8.09,189.641,16.1418,185.17,28.786
8.1,189.873,16.1604,185,28.8434
8.11,190.106,16.179,184.829,28.901
8.12,190.338,16.1977,184.657,28.9589
8.13,190.57,16.2163,184.484,29.017
8.14,190.802,16.235,184.31,29.0753
8.15,191.035,16.2536,184.135,29.1338
8.16,191.267,16.2722,183.959,29.1925
8.17,191.499,16.2909,183.782,29.2514
8.18,191.731,16.3095,183.604,29.3106
8.19,191.963,16.3282,183.425,29.3699
8.2,192.196,16.3468,183.245,29.4295
8.21,192.428,16.3654,183.065,29.4892
8.22,192.66,16.3841,182.883,29.5492
8.23,192.892,16.4027,182.7,29.6093
8.24,193.124,16.4214,182.516,29.6697
8.25,193.357,16.44,182.332,29.7303
8.26,193.589,16.4586,182.146,29.791
8.27,193.821,16.4773,181.959,29.852
8.28,194.053,16.4959,181.772,29.9131
8.29,194.285,16.5146,181.583,29.9745
8.3,194.518,16.5332,181.393,30.036
8.31,194.75,16.5518,181.203,30.0977
8.32,194.982,16.5705,181.011,30.1596
8.33,195.214,16.5891,180.819,30.2217
8.34,195.446,16.6077,180.625,30.284
8.35,195.679,16.6264,180.43,30.3465
8.36,195.911,16.645,180.235,30.4092
8.37,196.143,16.6636,180.039,30.4721
8.38,196.375,16.6823,179.841,30.5351
8.39,196.607,16.7009,179.643,30.5983
8.4,196.839,16.7195,179.443,30.6617
8.41,197.072,16.7382,179.243,30.7253
8.42,197.304,16.7568,179.041,30.7891
8.43,197.536,16.7755,178.839,30.853
8.44,197.768,16.7941,178.636,30.9171
8.45,198,16.8127,178.431,30.9814
8.46,198.232,16.8314,178.226,31.0459
8.47,198.464,16.85,178.02,31.1105
8.48,198.697,16.8686,177.813,31.1754
8.49,198.929,16.8873,177.604,31.2404
8.5,199.161,16.9059,177.395,31.3055
8.51,199.393,16.9245,177.185,31.3708
8.52,199.625,16.9432,176.974,31.4363
8.53,199.857,16.9618,176.762,31.502
8.54,200.089,16.9804,176.549,31.5678
8.55,200.322,16.9991,176.335,31.6338
8.56,200.554,17.0177,176.119,31.7
8.57,200.786,17.0363,175.903,31.7663
8.58,201.018,17.055,175.686,31.8328
8.59,201.25,17.0736,175.468,31.8994
8.6,201.482,17.0922,175.249,31.9663
8.61,201.714,17.1108,175.029,32.0332
8.62,201.946,17.1295,174.808,32.1003
8.63,202.179,17.1481,174.586,32.1676
8.64,202.411,17.1667,174.364,32.2351
8.65,202.643,17.1854,174.14,32.3027
8.66,202.875,17.204,173.915,32.3704
8.67,203.107,17.2226,173.689,32.4383
8.68,203.339,17.2413,173.462,32.5063
8.69,203.571,17.2599,173.234,32.5746
8.7,203.803,17.2785,173.006,32.6429
8.71,204.035,17.2972,172.776,32.7114
8.72,204.267,17.3158,172.545,32.7801
8.73,204.5,17.3344,172.313,32.8489
8.74,204.732,17.353,172.081,32.9178
8.75,204.964,17.3717,171.847,32.9869
8.76,205.196,17.3903,171.612,33.0561
8.77,205.428,17.4089,171.377,33.1255
8.78,205.66,17.4276,171.14,33.195
8.79,205.892,17.4462,170.903,33.2647
8.8,206.124,17.4648,170.664,33.3345
8.81,206.356,17.4834,170.424,33.4044
8.82,206.588,17.5021,170.184,33.4745
8.83,206.82,17.5207,169.942,33.5447
8.84,207.052,17.5393,169.7,33.6151
8.85,207.284,17.5579,169.456,33.6856
8.86,207.516,17.5766,169.212,33.7562
8.87,207.749,17.5952,168.967,33.827
8.88,207.981,17.6138,168.72,33.8979
8.89,208.213,17.6325,168.473,33.9689
8.9,208.445,17.6511,168.224,34.0401
8.91,208.677,17.6697,167.975,34.1114
8.92,208.909,17.6883,167.725,34.1828
8.93,209.141,17.707,167.474,34.2544
8.94,209.373,17.7256,167.221,34.3261
8.95,209.605,17.7442,166.968,34.3979
8.96,209.837,17.7628,166.714,34.4698
8.97,210.069,17.7815,166.459,34.5419
8.98,210.301,17.8001,166.202,34.6141
8.99,210.533,17.8187,165.945,34.6864
9,210.765,17.8373,165.687,34.7589
9.01,210.997,17.856,165.428,34.8314
9.02,211.229,17.8746,165.168,34.9041
9.03,211.461,17.8932,164.907,34.9769
9.04,211.693,17.9118,164.645,35.0499
9.05,211.925,17.9304,164.382,35.1229
9.06,212.157,17.9491,164.118,35.1961
9.07,212.389,17.9677,163.853,35.2694
9.08,212.621,17.9863,163.587,35.3428
9.09,212.853,18.0049,163.32,35.4163
9.1,213.085,18.0236,163.052,35.49
9.11,213.317,18.0422,162.783,35.5637
9.12,213.549,18.0608,162.513,35.6376
9.13,213.781,18.0794,162.242,35.7116
9.14,214.013,18.098,161.97,35.7857
9.15,214.245,18.1167,161.698,35.8599
9.16,214.477,18.1353,161.424,35.9343
9.17,214.709,18.1539,161.149,36.0087
9.18,214.941,18.1725,160.873,36.0833
9.19,215.173,18.1912,160.597,36.1579
9.2,215.405,18.2098,160.319,36.2327
9.21,215.637,18.2284,160.04,36.3076
9.22,215.869,18.247,159.761,36.3826
9.23,216.101,18.2656,159.48,36.4577
9.24,216.333,18.2843,159.198,36.5329
9.25,216.565,18.3029,158.916,36.6082
9.26,216.797,18.3215,158.632,36.6836
9.27,217.029,18.3401,158.348,36.7591
9.28,217.261,18.3587,158.062,36.8347
9.29,217.493,18.3774,157.776,36.9105
9.3,217.725,18.396,157.488,36.9863
9.31,217.957,18.4146,157.2,37.0622
9.32,218.189,18.4332,156.91,37.1382
9.33,218.421,18.4518,156.62,37.2144
9.34,218.653,18.4704,156.328,37.2906
9.35,218.885,18.4891,156.036,37.367
9.36,219.116,18.5077,155.743,37.4434
9.37,219.348,18.5263,155.448,37.5199
9.38,219.58,18.5449,155.153,37.5966
9.39,219.812,18.5635,154.857,37.6733
9.4,220.044,18.5821,154.559,37.7501
9.41,220.276,18.6008,154.261,37.827
9.42,220.508,18.6194,153.962,37.904
9.43,220.74,18.638,153.662,37.9812
9.44,220.972,18.6566,153.361,38.0584
9.45,221.204,18.6752,153.058,38.1357
9.46,221.436,18.6938,152.755,38.213
9.47,221.668,18.7125,152.451,38.2905
9.48,221.9,18.7311,152.146,38.3681
9.49,222.132,18.7497,151.84,38.4458
9.5,222.363,18.7683,151.533,38.5235
9.51,222.595,18.7869,151.225,38.6014
9.52,222.827,18.8055,150.916,38.6793
9.53,223.059,18.8241,150.606,38.7574
9.54,223.291,18.8428,150.295,38.8355
9.55,223.523,18.8614,149.983,38.9137
9.56,223.755,18.88,149.67,38.992
9.57,223.987,18.8986,149.356,39.0703
9.58,224.219,18.9172,149.041,39.1488
9.59,224.451,18.9358,148.726,39.2274
9.6,224.682,18.9544,148.409,39.306
9.61,224.914,18.9731,148.091,39.3847
9.62,225.146,18.9917,147.772,39.4635
9.63,225.378,19.0103,147.452,39.5424
9.64,225.61,19.0289,147.132,39.6214
9.65,225.842,19.0475,146.81,39.7005
9.66,226.074,19.0661,146.487,39.7796
9.67,226.306,19.0847,146.164,39.8588
9.68,226.537,19.1033,145.839,39.9381
9.69,226.769,19.1219,145.513,40.0175
9.7,227.001,19.1406,145.187,40.097
9.71,227.233,19.1592,144.859,40.1765
9.72,227.465,19.1778,144.531,40.2561
9.73,227.697,19.1964,144.201,40.3358
9.74,227.929,19.215,143.871,40.4156
9.75,228.16,19.2336,143.539,40.4955
9.76,228.392,19.2522,143.207,40.5754
9.77,228.624,19.2708,142.873,40.6554
9.78,228.856,19.2894,142.539,40.7355
9.79,229.088,19.3081,142.203,40.8157
9.8,229.32,19.3267,141.867,40.8959
9.81,229.551,19.3453,141.53,40.9763
9.82,229.783,19.3639,141.191,41.0567
9.83,230.015,19.3825,140.852,41.1371
9.84,230.247,19.4011,140.512,41.2177
9.85,230.479,19.4197,140.17,41.2983
9.86,230.711,19.4383,139.828,41.379
9.87,230.942,19.4569,139.485,41.4597
9.88,231.174,19.4755,139.141,41.5406
9.89,231.406,19.4941,138.795,41.6215
9.9,231.638,19.5127,138.449,41.7025
9.91,231.87,19.5314,138.102,41.7835
9.92,232.102,19.55,137.754,41.8646
9.93,232.333,19.5686,137.405,41.9458
9.94,232.565,19.5872,137.055,42.0271
9.95,232.797,19.6058,136.704,42.1084
9.96,233.029,19.6244,136.352,42.1898
9.97,233.261,19.643,135.999,42.2713
9.98,233.492,19.6616,135.645,42.3528
9.99,233.724,19.6802,135.29,42.4344
10,233.956,19.6988,134.934,42.5161
10.01,234.188,19.7174,134.577,42.5978
10.02,234.42,19.736,134.219,42.6796
10.03,234.651,19.7546,133.86,42.7615
10.04,234.883,19.7732,133.501,42.8434
10.05,235.115,19.7918,133.14,42.9254
10.06,235.347,19.8104,132.778,43.0075
10.07,235.578,19.829,132.415,43.0896
10.08,235.81,19.8476,132.051,43.1718
10.09,236.042,19.8662,131.687,43.254
10.1,236.274,19.8849,131.321,43.3363
10.11,236.506,19.9035,130.954,43.4187
10.12,236.737,19.9221,130.587,43.5012
10.13,236.969,19.9407,130.218,43.5837
10.14,237.201,19.9593,129.848,43.6663
10.15,237.433,19.9779,129.478,43.7489
10.16,237.664,19.9965,129.106,43.8316
10.17,237.896,20.0151,128.734,43.9143
10.18,238.128,20.0337,128.36,43.9971
10.19,238.36,20.0523,127.986,44.08
10.2,238.591,20.0709,127.61,44.163
10.21,238.823,20.0895,127.234,44.2459
10.22,239.055,20.1081,126.856,44.329
10.23,239.287,20.1267,126.478,44.4121
10.24,239.518,20.1453,126.098,44.4953
10.25,239.75,20.1639,125.718,44.5785
10.26,239.982,20.1825,125.337,44.6618
10.27,240.214,20.2011,124.954,44.7451
10.28,240.445,20.2197,124.571,44.8285
10.29,240.677,20.2383,124.187,44.912
10.3,240.909,20.2569,123.802,44.9955
10.31,241.14,20.2755,123.415,45.0791
10.32,241.372,20.2941,123.028,45.1627
10.33,241.604,20.3127,122.64,45.2464
10.34,241.836,20.3313,122.251,45.3301
10.35,242.067,20.3499,121.861,45.4139
10.36,242.299,20.3685,121.47,45.4978
10.37,242.531,20.3871,121.078,45.5817
10.38,242.762,20.4057,120.684,45.6656
10.39,242.994,20.4243,120.29,45.7497
10.4,243.226,20.4429,119.895,45.8337
10.41,243.458,20.4615,119.499,45.9178
10.42,243.689,20.4801,119.102,46.002
10.43,243.921,20.4987,118.704,46.0862
10.44,244.153,20.5173,118.306,46.1705
10.45,244.384,20.5359,117.906,46.2548
10.46,244.616,20.5545,117.505,46.3392
10.47,244.848,20.5731,117.103,46.4236
10.48,245.079,20.5917,116.7,46.5081
10.49,245.311,20.6103,116.296,46.5926
10.5,245.543,20.6288,115.891,46.6772
10.51,245.774,20.6474,115.486,46.7619
10.52,246.006,20.666,115.079,46.8465
10.53,246.238,20.6846,114.671,46.9313
10.54,246.469,20.7032,114.263,47.0161
10.55,246.701,20.7218,113.853,47.1009
10.56,246.933,20.7404,113.442,47.1858
10.57,247.164,20.759,113.031,47.2707
10.58,247.396,20.7776,112.618,47.3557
10.59,247.628,20.7962,112.204,47.4407
10.6,247.859,20.8148,111.79,47.5258
10.61,248.091,20.8334,111.374,47.6109
10.62,248.323,20.852,110.958,47.6961
10.63,248.554,20.8706,110.54,47.7813
10.64,248.786,20.8892,110.122,47.8665
10.65,249.018,20.9078,109.702,47.9518
10.66,249.249,20.9264,109.282,48.0372
10.67,249.481,20.945,108.861,48.1226
10.68,249.713,20.9635,108.438,48.208
10.69,249.944,20.9821,108.015,48.2935
10.7,250.176,21.0007,107.59,48.3791
10.71,250.407,21.0193,107.165,48.4646
10.72,250.639,21.0379,106.739,48.5503
10.73,250.871,21.0565,106.312,48.6359
10.74,251.102,21.0751,105.883,48.7217
10.75,251.334,21.0937,105.454,48.8074
10.76,251.566,21.1123,105.024,48.8932
10.77,251.797,21.1309,104.593,48.9791
10.78,252.029,21.1495,104.161,49.065
10.79,252.26,21.1681,103.728,49.1509
10.8,252.492,21.1866,103.293,49.2369
10.81,252.724,21.2052,102.858,49.3229
10.82,252.955,21.2238,102.422,49.4089
10.83,253.187,21.2424,101.985,49.4951
10.84,253.418,21.261,101.547,49.5812
10.85,253.65,21.2796,101.108,49.6674
10.86,253.882,21.2982,100.668,49.7536
10.87,254.113,21.3168,100.227,49.8399
10.88,254.345,21.3354,99.7856,49.9262
10.89,254.576,21.354,99.3427,50.0125
10.9,254.808,21.3725,98.8988,50.0989
10.91,255.04,21.3911,98.454,50.1854
10.92,255.271,21.4097,98.0082,50.2718
10.93,255.503,21.4283,97.5614,50.3584
10.94,255.734,21.4469,97.1136,50.4449
10.95,255.966,21.4655,96.6649,50.5315
10.96,256.197,21.4841,96.2151,50.6181
10.97,256.429,21.5027,95.7644,50.7048
10.98,256.661,21.5213,95.3128,50.7915
10.99,256.892,21.5398,94.8601,50.8783
11,257.124,21.5584,94.4065,50.9651
11.01,257.355,21.577,93.9519,51.0519
11.02,257.587,21.5956,93.4963,51.1387
11.03,257.818,21.6142,93.0397,51.2256
11.04,258.05,21.6328,92.5822,51.3126
11.05,258.281,21.6514,92.1237,51.3996
11.06,258.513,21.6699,91.6642,51.4866
11.07,258.745,21.6885,91.2038,51.5736
11.08,258.976,21.7071,90.7423,51.6607
11.09,259.208,21.7257,90.2799,51.7478
11.1,259.439,21.7443,89.8165,51.835
11.11,259.671,21.7629,89.3521,51.9222
11.12,259.902,21.7815,88.8868,52.0094
11.13,260.134,21.8,88.4205,52.0967
11.14,260.365,21.8186,87.9532,52.184
11.15,260.597,21.8372,87.4849,52.2714
11.16,260.828,21.8558,87.0157,52.3587
11.17,261.06,21.8744,86.5454,52.4462
11.18,261.291,21.893,86.0742,52.5336
11.19,261.523,21.9115,85.6021,52.6211
11.2,261.754,21.9301,85.1289,52.7086
11.21,261.986,21.9487,84.6548,52.7962
11.22,262.217,21.9673,84.1797,52.8837
11.23,262.449,21.9859,83.7036,52.9714
11.24,262.681,22.0045,83.2265,53.059
11.25,262.912,22.023,82.7485,53.1467
11.26,263.144,22.0416,82.2695,53.2344
11.27,263.375,22.0602,81.7895,53.3222
11.28,263.607,22.0788,81.3085,53.41
11.29,263.838,22.0974,80.8266,53.4978
11.3,264.07,22.1159,80.3437,53.5857
11.31,264.301,22.1345,79.8598,53.6736
11.32,264.532,22.1531,79.3749,53.7615
11.33,264.764,22.1717,78.8891,53.8494
11.34,264.995,22.1903,78.4023,53.9374
11.35,265.227,22.2089,77.9145,54.0254
11.36,265.458,22.2274,77.4257,54.1135
11.37,265.69,22.246,76.9359,54.2016
11.38,265.921,22.2646,76.4452,54.2897
11.39,266.153,22.2832,75.9535,54.3778
11.4,266.384,22.3018,75.4608,54.466
11.41,266.616,22.3203,74.9672,54.5542
11.42,266.847,22.3389,74.4725,54.6425
11.43,267.079,22.3575,73.9769,54.7307
11.44,267.31,22.3761,73.4804,54.819
11.45,267.542,22.3946,72.9828,54.9074
11.46,267.773,22.4132,72.4843,54.9957
11.47,268.005,22.4318,71.9848,55.0841
11.48,268.236,22.4504,71.4843,55.1725
11.49,268.467,22.469,70.9828,55.261
11.5,268.699,22.4875,70.4804,55.3495
11.51,268.93,22.5061,69.977,55.438
11.52,269.162,22.5247,69.4726,55.5265
11.53,269.393,22.5433,68.9672,55.6151
11.54,269.625,22.5618,68.4609,55.7037
11.55,269.856,22.5804,67.9535,55.7923
11.56,270.088,22.599,67.4453,55.881
11.57,270.319,22.6176,66.936,55.9697
11.58,270.55,22.6362,66.4257,56.0584
11.59,270.782,22.6547,65.9145,56.1471
11.6,271.013,22.6733,65.4023,56.2359
11.61,271.245,22.6919,64.8891,56.3247
11.62,271.476,22.7105,64.375,56.4135
11.63,271.707,22.729,63.8599,56.5024
11.64,271.939,22.7476,63.3438,56.5913
11.65,272.17,22.7662,62.8267,56.6802
11.66,272.402,22.7848,62.3086,56.7691
11.67,272.633,22.8033,61.7896,56.8581
11.68,272.865,22.8219,61.2696,56.9471
11.69,273.096,22.8405,60.7486,57.0361
11.7,273.327,22.8591,60.2267,57.1252
11.71,273.559,22.8776,59.7037,57.2143
11.72,273.79,22.8962,59.1798,57.3034
11.73,274.022,22.9148,58.655,57.3925
11.74,274.253,22.9333,58.1291,57.4816
11.75,274.484,22.9519,57.6023,57.5708
11.76,274.716,22.9705,57.0745,57.66
11.77,274.947,22.9891,56.5457,57.7493
11.78,275.178,23.0076,56.0159,57.8385
11.79,275.41,23.0262,55.4852,57.9278
11.8,275.641,23.0448,54.9535,58.0171
11.81,275.873,23.0634,54.4208,58.1065
11.82,276.104,23.0819,53.8871,58.1958
11.83,276.335,23.1005,53.3525,58.2852
11.84,276.567,23.1191,52.8168,58.3747
11.85,276.798,23.1376,52.2803,58.4641
11.86,277.029,23.1562,51.7427,58.5536
11.87,277.261,23.1748,51.2041,58.643
11.88,277.492,23.1933,50.6646,58.7326
11.89,277.724,23.2119,50.1241,58.8221
11.9,277.955,23.2305,49.5827,58.9117
11.91,278.186,23.2491,49.0402,59.0013
11.92,278.418,23.2676,48.4968,59.0909
11.93,278.649,23.2862,47.9524,59.1805
11.94,278.88,23.3048,47.407,59.2702
11.95,279.112,23.3233,46.8607,59.3599
11.96,279.343,23.3419,46.3134,59.4496
11.97,279.574,23.3605,45.7651,59.5393
11.98,279.806,23.379,45.2158,59.6291
11.99,280.037,23.3976,44.6655,59.7188
12,280.268,23.4162,44.1143,59.8086
12.01,280.5,23.4348,43.5621,59.8985
12.02,280.731,23.4533,43.0089,59.9883
12.03,280.962,23.4719,42.4548,60.0782
12.04,281.194,23.4905,41.8997,60.1681
12.05,281.425,23.509,41.3436,60.258
12.06,281.656,23.5276,40.7865,60.348
12.07,281.888,23.5462,40.2284,60.4379
12.08,282.119,23.5647,39.6694,60.5279
12.09,282.35,23.5833,39.1094,60.6179
12.1,282.581,23.6019,38.5484,60.708
12.11,282.813,23.6204,37.9865,60.798
12.12,283.044,23.639,37.4235,60.8881
12.13,283.275,23.6576,36.8596,60.9782
12.14,283.507,23.6761,36.2948,61.0683
12.15,283.738,23.6947,35.7289,61.1584
12.16,283.969,23.7133,35.1621,61.2486
12.17,284.201,23.7318,34.5943,61.3388
12.18,284.432,23.7504,34.0255,61.429
12.19,284.663,23.7689,33.4557,61.5192
12.2,284.894,23.7875,32.885,61.6095
12.21,285.126,23.8061,32.3133,61.6998
12.22,285.357,23.8246,31.7406,61.79
12.23,285.588,23.8432,31.1669,61.8804
12.24,285.82,23.8618,30.5923,61.9707
12.25,286.051,23.8803,30.0167,62.0611
12.26,286.282,23.8989,29.4401,62.1514
12.27,286.513,23.9175,28.8626,62.2418
12.28,286.745,23.936,28.284,62.3322
12.29,286.976,23.9546,27.7045,62.4227
12.3,287.207,23.9731,27.124,62.5131
12.31,287.438,23.9917,26.5426,62.6036
12.32,287.67,24.0103,25.9601,62.6941
12.33,287.901,24.0288,25.3767,62.7846
12.34,288.132,24.0474,24.7923,62.8752
12.35,288.363,24.066,24.207,62.9657
12.36,288.595,24.0845,23.6206,63.0563
12.37,288.826,24.1031,23.0333,63.1469
12.38,289.057,24.1216,22.445,63.2375
12.39,289.288,24.1402,21.8558,63.3282
12.4,289.52,24.1588,21.2655,63.4188
12.41,289.751,24.1773,20.6743,63.5095
12.42,289.982,24.1959,20.0821,63.6002
12.43,290.213,24.2144,19.489,63.6909
12.44,290.445,24.233,18.8948,63.7817
12.45,290.676,24.2516,18.2997,63.8724
12.46,290.907,24.2701,17.7036,63.9632
12.47,291.138,24.2887,17.1066,64.054
12.48,291.369,24.3072,16.5085,64.1448
12.49,291.601,24.3258,15.9095,64.2356
12.5,291.832,24.3444,15.3096,64.3265
12.51,292.063,24.3629,14.7086,64.4173
12.52,292.294,24.3815,14.1067,64.5082
12.53,292.526,24.4,13.5037,64.5991
12.54,292.757,24.4186,12.8999,64.69
12.55,292.988,24.4372,12.295,64.781
12.56,293.219,24.4557,11.6892,64.8719
12.57,293.45,24.4743,11.0823,64.9629
12.58,293.682,24.4928,10.4746,65.0539
12.59,293.913,24.5114,9.86579,65.1449
12.6,294.144,24.5299,9.25606,65.236
12.61,294.375,24.5485,8.64535,65.327
12.62,294.606,24.5671,8.03366,65.4181
12.63,294.837,24.5856,7.421,65.5091
12.64,295.069,24.6042,6.80736,65.6002
12.65,295.3,24.6227,6.19275,65.6914
12.66,295.531,24.6413,5.57717,65.7825
12.67,295.762,24.6598,4.96061,65.8737
12.68,295.993,24.6784,4.34307,65.9648
12.69,296.225,24.697,3.72456,66.056
12.7,296.456,24.7155,3.10507,66.1472
12.71,296.687,24.7341,2.48461,66.2384
12.72,296.918,24.7526,1.86318,66.3297
12.73,297.149,24.7712,1.24077,66.4209
12.74,297.38,24.7897,0.617386,66.5122
